epoch,step,learning_rate,epoch_time_seconds,train_loss,train_perplexity,val_bleu_1,val_bleu_2,val_bleu_3,val_bleu_4,val_meteor,val_rouge_l,val_loss
1,737,0.0001,237.67780995368958,3.536437069787423,47.53668028059614,0.09173913043478263,0.06335689160541202,0.0455215304010461,0.031126239069186674,0.2797680181602523,0.14824099521746928,3.1910023899829905
2,1474,0.0001,231.06516480445862,3.1089614211218977,29.564644668610157,0.09505434782608695,0.06550527079487306,0.04741139470874456,0.03259818740721114,0.282575168283456,0.1509255893799864,3.009807632021282
3,2211,0.0001,229.64087796211243,2.8881018570190853,23.396637584493472,0.09005434782608694,0.059588876018051476,0.041966811423104135,0.028029142497045245,0.26080754496260933,0.13785186398721688,2.860906002962071
